player_tag,player_name,clan_tag,clan_name,location_id,location_name,cards,card_ids,trophies,clan_score
RJ2RVJR,κλοτικς,G9L2RC2Y,VATI FAMILY,57000000,Europe,"['Skeletons', 'Cannon', 'Fireball', 'Ice Golem', 'Ice Spirit', 'Hog Rider', 'Musketeer', 'The Log']","[26000010, 27000000, 28000000, 26000038, 26000030, 26000021, 26000014, 28000011]",10000,100000
VRQ8CC2,clsk-,G9L2RC2Y,VATI FAMILY,57000000,Europe,"['Wall Breakers', 'Cannon', 'The Log', 'Dart Goblin', 'Goblin Barrel', 'Valkyrie', 'Ice Spirit', 'Fireball']","[26000058, 27000000, 28000011, 26000040, 28000004, 26000011, 26000030, 28000000]",10000,100000
RV80GJU8V,lohann,G9L2RC2Y,VATI FAMILY,57000000,Europe,"['Tesla', 'Valkyrie', 'Rocket', 'Skeleton Barrel', 'Goblin Barrel', 'Dart Goblin', 'Skeleton Army', 'The Log']","[27000006, 26000011, 28000003, 26000056, 28000004, 26000040, 26000012, 28000011]",10000,100000
8RUQGVQ9V,Jd,G9L2RC2Y,VATI FAMILY,57000000,Europe,"['P.E.K.K.A', 'Wizard', 'Elite Barbarians', 'Electro Wizard', 'Ice Spirit', 'Arrows', 'Zap', 'The Log']","[26000004, 26000017, 26000043, 26000042, 26000030, 28000001, 28000008, 28000011]",10000,100000
8JUV9LGC,KC Thomas,G9L2RC2Y,VATI FAMILY,57000000,Europe,"['Royal Hogs', 'Ice Spirit', 'Skeletons', 'Cannon', 'The Log', 'Earthquake', 'Archer Queen', 'Royal Delivery']","[26000059, 26000030, 26000010, 27000000, 28000011, 28000014, 26000072, 28000018]",10000,100000
YP2RUJ2,Mikey シ,G9L2RC2Y,VATI FAMILY,57000000,Europe,"['Knight', 'Goblin Barrel', 'Goblin Gang', 'Tesla', 'Princess', 'Barbarian Barrel', 'Dark Prince', 'Wall Breakers']","[26000000, 28000004, 26000041, 27000006, 26000026, 28000015, 26000027, 26000058]",10000,100000
QUJU0GLU2,remzzerrrr,G9L2RC2Y,VATI FAMILY,57000000,Europe,"['Mega Knight', 'Tesla', 'Goblin Gang', 'Fireball', 'Valkyrie', 'Hog Rider', 'Arrows', 'Ice Spirit']","[26000055, 27000006, 26000041, 28000000, 26000011, 26000021, 28000001, 26000030]",10000,100000
PJJ9LRG9,KC SPANK,G9L2RC2Y,VATI FAMILY,57000000,Europe,"['Princess', 'Knight', 'Rocket', 'Goblin Barrel', 'Cannon', 'The Log', 'Goblin Gang', 'Ice Spirit']","[26000026, 26000000, 28000003, 28000004, 27000000, 28000011, 26000041, 26000030]",10000,100000
2Y9099JVU,fjrfirgi,G9L2RC2Y,VATI FAMILY,57000000,Europe,"['Goblin Barrel', 'Knight', 'Goblin Gang', 'Rocket', 'Princess', 'Dart Goblin', 'Ice Spirit', 'The Log']","[28000004, 26000000, 26000041, 28000003, 26000026, 26000040, 26000030, 28000011]",10000,100000
CPGG99PCL,Solo Kamino,G9L2RC2Y,VATI FAMILY,57000000,Europe,"['Royal Recruits', 'Valkyrie', 'Dark Prince', 'Royal Hogs', 'Cannon', 'Goblin Gang', 'The Log', 'Arrows']","[26000047, 26000011, 26000027, 26000059, 27000000, 26000041, 28000011, 28000001]",10000,100000
PV0220L8V,Royal Janosch,RPR0CJPU,VatosLocos,57000000,Europe,"['Goblin Drill', 'Cannon', 'Fireball', 'The Log', 'Bomber', 'Skeletons', 'Fire Spirit', 'Golden Knight']","[27000013, 27000000, 28000000, 28000011, 26000013, 26000010, 26000031, 26000074]",10000,100000
90C298R0U,Tokkat,RPR0CJPU,VatosLocos,57000000,Europe,"['Furnace', 'Knight', 'Guards', 'Graveyard', 'Golden Knight', 'Barbarian Barrel', 'Goblin Hut', 'Poison']","[27000010, 26000000, 26000025, 28000010, 26000074, 28000015, 27000001, 28000009]",10000,100000
GC0Y92LCV,Arda_Play,RPR0CJPU,VatosLocos,57000000,Europe,"['Firecracker', 'Furnace', 'Skeletons', 'The Log', 'Hog Rider', 'Valkyrie', 'Ice Spirit', 'Cannon']","[26000064, 27000010, 26000010, 28000011, 26000021, 26000011, 26000030, 27000000]",10000,100000
2JPV9UGV0,requiem sprigga,RPR0CJPU,VatosLocos,57000000,Europe,"['Dart Goblin', 'Knight', 'The Log', 'Rocket', 'Inferno Tower', 'Princess', 'Goblin Gang', 'Goblin Barrel']","[26000040, 26000000, 28000011, 28000003, 27000003, 26000026, 26000041, 28000004]",10000,100000
GUL0PJ8C9,GroundnClash,RPR0CJPU,VatosLocos,57000000,Europe,"['Furnace', 'Wall Breakers', 'Knight', 'Vines', 'Musketeer', 'Skeletons', 'Cannon', 'Barbarian Barrel']","[27000010, 26000058, 26000000, 28000026, 26000014, 26000010, 27000000, 28000015]",10000,100000
PRVYV0CVV,ZZAzzlackAnil,RPR0CJPU,VatosLocos,57000000,Europe,"['Mega Knight', 'Electro Dragon', 'The Log', 'Fireball', 'Dart Goblin', 'Suspicious Bush', 'Tornado', 'Goblin Barrel']","[26000055, 26000063, 28000011, 28000000, 26000040, 26000097, 28000012, 28000004]",10000,100000
GU2YYJJPU,Jona❤️X-Bow,RPR0CJPU,VatosLocos,57000000,Europe,"['Cannon', 'Giant Snowball', 'Goblin Drill', 'Berserker', 'Bomber', 'Rocket', 'Fire Spirit', 'Skeletons']","[27000000, 28000017, 27000013, 26000102, 26000013, 28000003, 26000031, 26000010]",10000,100000
L08JUU998,Kek,RPR0CJPU,VatosLocos,57000000,Europe,"['Royal Giant', 'Witch', 'Fisherman', 'Electro Spirit', 'Hunter', 'Fireball', 'The Log', 'Skeletons']","[26000024, 26000007, 26000061, 26000084, 26000044, 28000000, 28000011, 26000010]",10000,100000
9PRP22UYC,Kerem,RPR0CJPU,VatosLocos,57000000,Europe,"['Tesla', 'Archers', 'Rocket', 'The Log', 'X-Bow', 'Knight', 'Electro Spirit', 'Skeletons']","[27000006, 26000001, 28000003, 28000011, 27000008, 26000000, 26000084, 26000010]",10000,100000
QLRL0L90L,Filzstift,RPR0CJPU,VatosLocos,57000000,Europe,"['Wizard', 'Mega Knight', 'Skeleton Army', 'Arrows', 'Mini P.E.K.K.A', 'Witch', 'Mirror', 'Goblin Barrel']","[26000017, 26000055, 26000012, 28000001, 26000018, 26000007, 28000006, 28000004]",10000,100000
GPC089CUG,Tomás,GL2Q2PRC,The Gamers,57000000,Europe,"['Baby Dragon', 'Goblin Cage', 'Electro Giant', 'Tornado', 'Skeletons', 'Lightning', 'Barbarian Barrel', 'Bowler']","[26000015, 27000012, 26000085, 28000012, 26000010, 28000007, 28000015, 26000034]",10000,100000
20YRVLQJG,Mxtii,GL2Q2PRC,The Gamers,57000000,Europe,"['Electro Dragon', 'Witch', 'Ice Spirit', 'Elixir Golem', 'Battle Healer', 'Fireball', 'Tornado', 'Bats']","[26000063, 26000007, 26000030, 26000067, 26000068, 28000000, 28000012, 26000049]",10000,100000
LCVYLYP0R,SaltyFish,GL2Q2PRC,The Gamers,57000000,Europe,"['Baby Dragon', 'Cannon', 'Knight', 'Tornado', 'Poison', 'Graveyard', 'Barbarian Barrel', 'Ice Wizard']","[26000015, 27000000, 26000000, 28000012, 28000009, 28000010, 28000015, 26000023]",10000,100000
LUCGR9QPU,Atze_67,GL2Q2PRC,The Gamers,57000000,Europe,"['Royal Hogs', 'Royal Ghost', 'Three Musketeers', 'Ice Golem', 'Hunter', 'Skeletons', 'Fireball', 'Barbarian Barrel']","[26000059, 26000050, 26000028, 26000038, 26000044, 26000010, 28000000, 28000015]",10000,100000
CURU2VY8P,RIP BOZO,GL2Q2PRC,The Gamers,57000000,Europe,"['Royal Recruits', 'Goblin Cage', 'Fireball', 'Arrows', 'Barbarian Barrel', 'Flying Machine', 'Royal Hogs', 'Zappies']","[26000047, 27000012, 28000000, 28000001, 28000015, 26000057, 26000059, 26000052]",10000,100000
YPCL8QVR,ig:99.paullll,GL2Q2PRC,The Gamers,57000000,Europe,"['P.E.K.K.A', 'Electro Dragon', 'Barbarian Barrel', 'Poison', 'Battle Ram', 'Bowler', 'Tornado', 'Goblin Gang']","[26000004, 26000063, 28000015, 28000009, 26000036, 26000034, 28000012, 26000041]",10000,100000
JUVQY0UYV,Herkules39,GL2Q2PRC,The Gamers,57000000,Europe,"['Cannon', 'Skeletons', 'Royal Hogs', 'Archer Queen', 'Earthquake', 'Ice Spirit', 'Royal Delivery', 'The Log']","[27000000, 26000010, 26000059, 26000072, 28000014, 26000030, 28000018, 28000011]",10000,100000
GYGRQV8YV,༄Miner❦,GL2Q2PRC,The Gamers,57000000,Europe,"['Cannon', 'Giant Snowball', 'Goblin Drill', 'Berserker', 'Royal Delivery', 'Little Prince', 'Skeletons', 'Minions']","[27000000, 28000017, 27000013, 26000102, 28000018, 26000093, 26000010, 26000005]",10000,100000
PRUYYQ8P,azizblyat,GL2Q2PRC,The Gamers,57000000,Europe,"['Royal Ghost', 'Executioner', 'Golem', 'Golden Knight', 'Mini P.E.K.K.A', 'Vines', 'Ice Wizard', 'Tornado']","[26000050, 26000045, 26000009, 26000074, 26000018, 28000026, 26000023, 28000012]",10000,100000
99P2209QQ,arnd,GL2Q2PRC,The Gamers,57000000,Europe,"['Royal Giant', 'Royal Ghost', 'Hunter', 'Lightning', 'Fisherman', 'Skeletons', 'Electro Spirit', 'Barbarian Barrel']","[26000024, 26000050, 26000044, 28000007, 26000061, 26000010, 26000084, 28000015]",10000,100000
J28RVL2PR,Boooooooze,Q2P2V80P,a a a a a a a,57000000,Europe,"['P.E.K.K.A', 'Valkyrie', 'Fireball', 'Firecracker', 'Cannon', 'Hog Rider', 'Dart Goblin', 'The Log']","[26000004, 26000011, 28000000, 26000064, 27000000, 26000021, 26000040, 28000011]",10000,100000
QQ0GLYJ09,Razim,Q2P2V80P,a a a a a a a,57000000,Europe,"['Cannon', 'Valkyrie', 'Ice Wizard', 'Skeletons', 'Poison', 'Tornado', 'The Log', 'Rocket']","[27000000, 26000011, 26000023, 26000010, 28000009, 28000012, 28000011, 28000003]",10000,100000
8298UY9RU,JNY,Q2P2V80P,a a a a a a a,57000000,Europe,"['Royal Recruits', 'Goblin Cage', 'Royal Hogs', 'Zappies', 'Flying Machine', 'Barbarian Barrel', 'Arrows', 'Fireball']","[26000047, 27000012, 26000059, 26000052, 26000057, 28000015, 28000001, 28000000]",10000,100000
LG9QGQ202,Mohammed_Twerk,Q2P2V80P,a a a a a a a,57000000,Europe,"['Tesla', 'Skeletons', 'Royal Delivery', 'Mini P.E.K.K.A', 'Hog Rider', 'Electro Wizard', 'Fireball', 'The Log']","[27000006, 26000010, 28000018, 26000018, 26000021, 26000042, 28000000, 28000011]",10000,100000
V9Q2QG0VY,Alejandro,Q2P2V80P,a a a a a a a,57000000,Europe,"['Mega Knight', 'Tesla', 'Golden Knight', 'Arrows', 'Giant Snowball', 'Mini P.E.K.K.A', 'The Log', 'Wizard']","[26000055, 27000006, 26000074, 28000001, 28000017, 26000018, 28000011, 26000017]",10000,100000
YPR8UUQLC,Vardges39,Q2P2V80P,a a a a a a a,57000000,Europe,"['Goblin Barrel', 'Knight', 'The Log', 'Goblin Gang', 'Boss Bandit', 'Princess', 'Rocket', 'Ice Spirit']","[28000004, 26000000, 28000011, 26000041, 26000103, 26000026, 28000003, 26000030]",10000,100000
20L9U8200,Ghost_Sniper,Q2P2V80P,a a a a a a a,57000000,Europe,"['Skeleton Army', 'Valkyrie', 'Royal Giant', 'Princess', 'Minions', 'Rage', 'Inferno Tower', 'Fireball']","[26000012, 26000011, 26000024, 26000026, 26000005, 28000002, 27000003, 28000000]",10000,100000
2LL22980Y,Armani Jeans,Q2P2V80P,a a a a a a a,57000000,Europe,"['Mega Knight', 'Witch', 'Prince', 'Freeze', 'Royal Hogs', 'Lightning', 'Minion Horde', 'Elite Barbarians']","[26000055, 26000007, 26000016, 28000005, 26000059, 28000007, 26000022, 26000043]",10000,100000
RPV899JL,Aithor20/2,Q2P2V80P,a a a a a a a,57000000,Europe,"['Goblin Barrel', 'Dart Goblin', 'Knight', 'Princess', 'Ice Spirit', 'The Log', 'Cannon', 'Goblin Gang']","[28000004, 26000040, 26000000, 26000026, 26000030, 28000011, 27000000, 26000041]",10000,100000
8JVLRC0P,➡DarkGuardian⬅,Q2P2V80P,a a a a a a a,57000000,Europe,"['Mega Knight', 'Firecracker', 'Arrows', 'Tombstone', 'Valkyrie', 'Dart Goblin', 'Goblin Gang', 'Hog Rider']","[26000055, 26000064, 28000001, 27000009, 26000011, 26000040, 26000041, 26000021]",10000,100000
J9P0209Y,Yutaa 憂太 ✨,RLP2L900,Royale & Reps,57000000,Europe,"['Valkyrie', 'Baby Dragon', 'Fireball', 'Lava Hound', 'Tombstone', 'Balloon', 'Vines', 'Mega Minion']","[26000011, 26000015, 28000000, 26000029, 27000009, 26000006, 28000026, 26000039]",10000,100000
UCLQPRRQR,master,RLP2L900,Royale & Reps,57000000,Europe,"['Dart Goblin', 'Tesla', 'Guards', 'Barbarian Barrel', 'Princess', 'Goblin Barrel', 'Rascals', 'Boss Bandit']","[26000040, 27000006, 26000025, 28000015, 26000026, 28000004, 26000053, 26000103]",10000,100000
PG92VLGP,TrueBlitZ,RLP2L900,Royale & Reps,57000000,Europe,"['Lumberjack', 'Furnace', 'Inferno Dragon', 'Bandit', 'Battle Ram', 'Goblin Gang', 'Arrows', 'Zap']","[26000035, 27000010, 26000037, 26000046, 26000036, 26000041, 28000001, 28000008]",10000,100000
Y28PPJ8J8,Stachuuu,RLP2L900,Royale & Reps,57000000,Europe,"['Royal Giant', 'Skeletons', 'Fisherman', 'Hunter', 'Royal Ghost', 'Electro Spirit', 'Fireball', 'Barbarian Barrel']","[26000024, 26000010, 26000061, 26000044, 26000050, 26000084, 28000000, 28000015]",10000,100000
22VPRQU2Y,Lionel messi,RLP2L900,Royale & Reps,57000000,Europe,"['Dart Goblin', 'Skeleton Army', 'Ice Spirit', 'Knight', 'Mighty Miner', 'Goblin Barrel', 'The Log', 'Inferno Tower']","[26000040, 26000012, 26000030, 26000000, 26000065, 28000004, 28000011, 27000003]",10000,100000
GC9YVCUJ,NIK ✨,RLP2L900,Royale & Reps,57000000,Europe,"['Knight', 'Witch', 'Goblin Hut', 'Poison', 'Graveyard', 'Berserker', 'Barbarian Barrel', 'Ice Wizard']","[26000000, 26000007, 27000001, 28000009, 28000010, 26000102, 28000015, 26000023]",10000,100000
YJV9QR8VV,Killer g,RLP2L900,Royale & Reps,57000000,Europe,"['Cannon', 'Firecracker', 'Fireball', 'The Log', 'Guards', 'Hog Rider', 'Electro Spirit', 'Boss Bandit']","[27000000, 26000064, 28000000, 28000011, 26000025, 26000021, 26000084, 26000103]",10000,100000
VCJ80PYUP,Rocky Balboa,RLP2L900,Royale & Reps,57000000,Europe,"['Royal Recruits', 'Goblin Cage', 'Fireball', 'Flying Machine', 'Barbarian Barrel', 'Royal Hogs', 'Arrows', 'Zappies']","[26000047, 27000012, 28000000, 26000057, 28000015, 26000059, 28000001, 26000052]",10000,100000
RQYLQ0RUQ,Trusty,RLP2L900,Royale & Reps,57000000,Europe,"['Cannon', 'Skeleton Barrel', 'Dart Goblin', 'Arrows', 'Giant Skeleton', 'Clone', 'Mighty Miner', 'Spirit Empress']","[27000000, 26000056, 26000040, 28000001, 26000020, 28000013, 26000065, 28000025]",10000,100000
P9QGYLYLG,electro wizard,RLP2L900,Royale & Reps,57000000,Europe,"['Cannon', 'Dart Goblin', 'Skeleton Barrel', 'Arrows', 'Mighty Miner', 'The Log', 'Berserker', 'Goblin Barrel']","[27000000, 26000040, 26000056, 28000001, 26000065, 28000011, 26000102, 28000004]",10000,100000
YJ2VGLVUQ,❄️Scooby❄️,80C2YQ0,Wisconsin Elite,57000001,North America,"['Mortar', 'Royal Ghost', 'Goblinstein', 'Cannon Cart', 'Lightning', 'Minions', 'Ice Wizard', 'Barbarian Barrel']","[27000002, 26000050, 26000099, 26000054, 28000007, 26000005, 26000023, 28000015]",10000,100000
U92CQ2Q89,永不放弃｜LB ❤️ 胜利,80C2YQ0,Wisconsin Elite,57000001,North America,"['Goblin Barrel', 'Ice Spirit', 'Princess', 'Goblin Gang', 'The Log', 'Knight', 'Rocket', 'Inferno Tower']","[28000004, 26000030, 26000026, 26000041, 28000011, 26000000, 28000003, 27000003]",10000,100000
LR0V9UV8,wild wombat,80C2YQ0,Wisconsin Elite,57000001,North America,"['Dart Goblin', 'Electro Dragon', 'Mini P.E.K.K.A', 'Princess', 'Elixir Golem', 'Goblin Gang', 'Arrows', 'The Log']","[26000040, 26000063, 26000018, 26000026, 26000067, 26000041, 28000001, 28000011]",10000,100000
PPUY88LC,scomo13,80C2YQ0,Wisconsin Elite,57000001,North America,"['Ice Spirit', 'Tesla', 'Rocket', 'Skeletons', 'Royal Delivery', 'Ice Wizard', 'The Log', 'Berserker']","[26000030, 27000006, 28000003, 26000010, 28000018, 26000023, 28000011, 26000102]",10000,100000
9VRCV9VUV,hiltontop,80C2YQ0,Wisconsin Elite,57000001,North America,"['Firecracker', 'Witch', 'Bats', 'Elixir Golem', 'Skeleton Army', 'Rage', 'Elite Barbarians', 'The Log']","[26000064, 26000007, 26000049, 26000067, 26000012, 28000002, 26000043, 28000011]",10000,100000
JJJPQ82L,Strooby,80C2YQ0,Wisconsin Elite,57000001,North America,"['Lumberjack', 'Electro Dragon', 'Dark Prince', 'Golem', 'Barbarian Barrel', 'Elixir Collector', 'Phoenix', 'Tornado']","[26000035, 26000063, 26000027, 26000009, 28000015, 27000007, 26000087, 28000012]",10000,100000
UPJPJ9RQY,rebruary,80C2YQ0,Wisconsin Elite,57000001,North America,"['Skeleton Barrel', 'Goblin Barrel', 'Princess', 'The Log', 'Knight', 'Cannon', 'Goblin Gang', 'Dart Goblin']","[26000056, 28000004, 26000026, 28000011, 26000000, 27000000, 26000041, 26000040]",10000,100000
928JP9UU,Cakester31,80C2YQ0,Wisconsin Elite,57000001,North America,"['Royal Recruits', 'Skeleton Barrel', 'Firecracker', 'Dart Goblin', 'Hog Rider', 'Valkyrie', 'Guards', 'Vines']","[26000047, 26000056, 26000064, 26000040, 26000021, 26000011, 26000025, 28000026]",10000,100000
VU2QC0YYY,Bryce+Freshmen,80C2YQ0,Wisconsin Elite,57000001,North America,"['Tesla', 'Furnace', 'Hog Rider', 'Vines', 'Skeletons', 'Mega Knight', 'Bats', 'The Log']","[27000006, 27000010, 26000021, 28000026, 26000010, 26000055, 26000049, 28000011]",10000,100000
LCCLP2VR,Moogs,80C2YQ0,Wisconsin Elite,57000001,North America,"['Valkyrie', 'Firecracker', 'Baby Dragon', 'Goblins', 'Tornado', 'Zap', 'Electro Giant', 'Archer Queen']","[26000011, 26000064, 26000015, 26000002, 28000012, 28000008, 26000085, 26000072]",10000,100000
RC8YVRUYL,WillisPPFit?,GG0CQC08,HHS Clash,57000001,North America,"['Archers', 'Tesla', 'Electro Spirit', 'The Log', 'Skeletons', 'Knight', 'X-Bow', 'Fireball']","[26000001, 27000006, 26000084, 28000011, 26000010, 26000000, 27000008, 28000000]",10000,100000
RQ0JVPV90,RemiOfDuckMarsh,GG0CQC08,HHS Clash,57000001,North America,"['Witch', 'Valkyrie', 'Electro Wizard', 'Dart Goblin', 'Arrows', 'Electro Spirit', 'Bats', 'Boss Bandit']","[26000007, 26000011, 26000042, 26000040, 28000001, 26000084, 26000049, 26000103]",10000,100000
GRJ8UGGVY,HAT,GG0CQC08,HHS Clash,57000001,North America,"['P.E.K.K.A', 'Executioner', 'Battle Ram', 'Royal Ghost', 'Electro Wizard', 'Lightning', 'Rage', 'Tornado']","[26000004, 26000045, 26000036, 26000050, 26000042, 28000007, 28000002, 28000012]",10000,100000
JJRR9JUGR,Lman,GG0CQC08,HHS Clash,57000001,North America,"['Tesla', 'Mega Knight', 'Goblin Gang', 'Wall Breakers', 'Arrows', 'Goblin Barrel', 'Dart Goblin', 'Electro Wizard']","[27000006, 26000055, 26000041, 26000058, 28000001, 28000004, 26000040, 26000042]",10000,100000
98JY2Y9L9,Master Po,GG0CQC08,HHS Clash,57000001,North America,"['Goblin Barrel', 'Dart Goblin', 'Inferno Tower', 'Goblin Gang', 'Princess', 'Ice Spirit', 'Knight', 'Arrows']","[28000004, 26000040, 27000003, 26000041, 26000026, 26000030, 26000000, 28000001]",10000,100000
9082UCUJ,AusMega,GG0CQC08,HHS Clash,57000001,North America,"['Lumberjack', 'Tesla', 'Dart Goblin', 'Mini P.E.K.K.A', 'Bats', 'Skeletons', 'Balloon', 'Arrows']","[26000035, 27000006, 26000040, 26000018, 26000049, 26000010, 26000006, 28000001]",10000,100000
G02GJRUC8,gay,GG0CQC08,HHS Clash,57000001,North America,"['Mega Knight', 'Firecracker', 'Valkyrie', 'Tesla', 'Goblin Barrel', 'Hog Rider', 'Vines', 'Electro Spirit']","[26000055, 26000064, 26000011, 27000006, 28000004, 26000021, 28000026, 26000084]",10000,100000
22PP208GC,Mr.paul,GG0CQC08,HHS Clash,57000001,North America,"['Tesla', 'Archers', 'Skeletons', 'Electro Spirit', 'Knight', 'X-Bow', 'The Log', 'Fireball']","[27000006, 26000001, 26000010, 26000084, 26000000, 27000008, 28000011, 28000000]",10000,100000
C2P9Y9YVV,bungus,GG0CQC08,HHS Clash,57000001,North America,"['Battle Ram', 'Royal Ghost', 'Zap', 'Poison', 'P.E.K.K.A', 'Electro Wizard', 'Bandit', 'Minions']","[26000036, 26000050, 28000008, 28000009, 26000004, 26000042, 26000046, 26000005]",10000,100000
8PURCYUVR,Nowhite,GG0CQC08,HHS Clash,57000001,North America,"['Firecracker', 'Valkyrie', 'Hog Rider', 'Tesla', 'The Log', 'Fireball', 'Ice Spirit', 'Skeletons']","[26000064, 26000011, 26000021, 27000006, 28000011, 28000000, 26000030, 26000010]",10000,100000
V29J9RC0Q,Aspect,292Y2JYP,Deck Magnet,57000001,North America,"['Tesla', 'Ice Spirit', 'Miner', 'Rocket', 'Berserker', 'Skeletons', 'Royal Delivery', 'The Log']","[27000006, 26000030, 26000032, 28000003, 26000102, 26000010, 28000018, 28000011]",10000,100000
2QGG8LG2Q,Rimka,292Y2JYP,Deck Magnet,57000001,North America,"['Royal Hogs', 'Cannon', 'Archer Queen', 'Skeletons', 'Ice Spirit', 'The Log', 'Earthquake', 'Royal Delivery']","[26000059, 27000000, 26000072, 26000010, 26000030, 28000011, 28000014, 28000018]",10000,100000
PG0Q2UU2,Miguelㅤ17ㅤCOL,292Y2JYP,Deck Magnet,57000001,North America,"['Royal Recruits', 'Goblin Cage', 'Zappies', 'Electro Spirit', 'Royal Hogs', 'Barbarian Barrel', 'Arrows', 'Flying Machine']","[26000047, 27000012, 26000052, 26000084, 26000059, 28000015, 28000001, 26000057]",10000,100000
2RYRYLLYR,Dragos,292Y2JYP,Deck Magnet,57000001,North America,"['Witch', 'Skeleton Barrel', 'Arrows', 'Firecracker', 'Barbarian Barrel', 'Tombstone', 'Skeleton King', 'Knight']","[26000007, 26000056, 28000001, 26000064, 28000015, 27000009, 26000069, 26000000]",10000,100000
9G9LYYJG9,ROBKOBOB,292Y2JYP,Deck Magnet,57000001,North America,"['Tesla', 'Electro Dragon', 'P.E.K.K.A', 'Dart Goblin', 'Goblin Barrel', 'Skeletons', 'Arrows', 'Zap']","[27000006, 26000063, 26000004, 26000040, 28000004, 26000010, 28000001, 28000008]",10000,100000
VJJJYLU2G,PB,292Y2JYP,Deck Magnet,57000001,North America,"['Royal Hogs', 'Skeleton Barrel', 'Knight', 'Guards', 'Vines', 'Musketeer', 'Skeleton King', 'Dart Goblin']","[26000059, 26000056, 26000000, 26000025, 28000026, 26000014, 26000069, 26000040]",10000,100000
2PJGJGYGU,Thriveez,292Y2JYP,Deck Magnet,57000001,North America,"['Furnace', 'Cannon', 'Knight', 'Goblin Drill', 'Ice Spirit', 'Skeletons', 'Poison', 'The Log']","[27000010, 27000000, 26000000, 27000013, 26000030, 26000010, 28000009, 28000011]",10000,100000
PPVJU90PU,AJ,292Y2JYP,Deck Magnet,57000001,North America,"['Royal Hogs', 'Royal Recruits', 'Cannon', 'Vines', 'Hunter', 'The Log', 'Ice Spirit', 'Skeletons']","[26000059, 26000047, 27000000, 28000026, 26000044, 28000011, 26000030, 26000010]",10000,100000
22LVGUYV,Eugenio,292Y2JYP,Deck Magnet,57000001,North America,"['Royal Recruits', 'Goblin Cage', 'Suspicious Bush', 'Arrows', 'Goblin Gang', 'Wall Breakers', 'Archers', 'Dart Goblin']","[26000047, 27000012, 26000097, 28000001, 26000041, 26000058, 26000001, 26000040]",10000,100000
Y929JQ99,C20inover,292Y2JYP,Deck Magnet,57000001,North America,"['Tesla', 'Firecracker', 'Hog Rider', 'Valkyrie', 'The Log', 'Ice Spirit', 'Lightning', 'Skeletons']","[27000006, 26000064, 26000021, 26000011, 28000011, 26000030, 28000007, 26000010]",10000,100000
PR2GJJUQP,geekd on CR,RJY0QL9Q,Griff and Dogs,57000001,North America,"['Skeletons', 'Tesla', 'Firecracker', 'Electro Spirit', 'The Log', 'X-Bow', 'Knight', 'Fireball']","[26000010, 27000006, 26000064, 26000084, 28000011, 27000008, 26000000, 28000000]",10000,100000
RQL2JYR90,Dane Gyatt,RJY0QL9Q,Griff and Dogs,57000001,North America,"['Skeleton Army', 'Skeletons', 'Mirror', 'Mini P.E.K.K.A', 'The Log', 'Dart Goblin', 'Boss Bandit', 'Vines']","[26000012, 26000010, 28000006, 26000018, 28000011, 26000040, 26000103, 28000026]",10000,100000
LCV980YG,•Thorfinn•,RJY0QL9Q,Griff and Dogs,57000001,North America,"['Knight', 'Goblin Cage', 'Baby Dragon', 'Tornado', 'Poison', 'Graveyard', 'Ice Wizard', 'Barbarian Barrel']","[26000000, 27000012, 26000015, 28000012, 28000009, 28000010, 26000023, 28000015]",10000,100000
G90CYV2CJ,HawknLanes,RJY0QL9Q,Griff and Dogs,57000001,North America,"['Royal Hogs', 'Goblin Cage', 'Valkyrie', 'Mother Witch', 'Royal Recruits', 'Flying Machine', 'Arrows', 'Skeletons']","[26000059, 27000012, 26000011, 26000083, 26000047, 26000057, 28000001, 26000010]",10000,100000
9PLPC8UY,RIBBLE81,RJY0QL9Q,Griff and Dogs,57000001,North America,"['Furnace', 'Skeleton Army', 'Princess', 'The Log', 'Goblin Barrel', 'Fire Spirit', 'Inferno Tower', 'Knight']","[27000010, 26000012, 26000026, 28000011, 28000004, 26000031, 27000003, 26000000]",10000,100000
GQQP89JQP,Aidan,RJY0QL9Q,Griff and Dogs,57000001,North America,"['Furnace', 'Dart Goblin', 'Fireball', 'Goblin Gang', 'The Log', 'Cannon', 'Goblin Barrel', 'Valkyrie']","[27000010, 26000040, 28000000, 26000041, 28000011, 27000000, 28000004, 26000011]",10000,100000
JPUVRUPQ8,40pieceMcNugget,RJY0QL9Q,Griff and Dogs,57000001,North America,"['Witch', 'Dart Goblin', 'Skeleton Barrel', 'Cannon', 'Ice Golem', 'Princess', 'Ice Spirit', 'The Log']","[26000007, 26000040, 26000056, 27000000, 26000038, 26000026, 26000030, 28000011]",10000,100000
QY2VUYURP,faze keegcoug,RJY0QL9Q,Griff and Dogs,57000001,North America,"['Valkyrie', 'Skeleton Barrel', 'Goblin Barrel', 'Goblin Gang', 'Inferno Tower', 'Ice Spirit', 'Arrows', 'Mega Knight']","[26000011, 26000056, 28000004, 26000041, 27000003, 26000030, 28000001, 26000055]",10000,100000
R02P2Q2JC,♠️書weavs書♠️,RJY0QL9Q,Griff and Dogs,57000001,North America,"['Royal Giant', 'Mega Knight', 'Goblin Gang', 'Firecracker', 'Bats', 'Skeleton Barrel', 'Zap', 'Skeleton Army']","[26000024, 26000055, 26000041, 26000064, 26000049, 26000056, 28000008, 26000012]",10000,100000
800QQRP0J,CBABS,RJY0QL9Q,Griff and Dogs,57000001,North America,"['Royal Giant', 'Mega Knight', 'Hunter', 'Bats', 'Fireball', 'Mini P.E.K.K.A', 'Zap', 'Barbarian Barrel']","[26000024, 26000055, 26000044, 26000049, 28000000, 26000018, 28000008, 28000015]",10000,100000
GCCULYJCG,paguro shiny,YCVPQCVC,2 Chill guys,57000001,North America,"['Skeleton Barrel', 'Mortar', 'Cannon Cart', 'Berserker', 'Fireball', 'Goblin Gang', 'Ice Wizard', 'Barbarian Barrel']","[26000056, 27000002, 26000054, 26000102, 28000000, 26000041, 26000023, 28000015]",10000,100000
8RGPJUR,Heatking,YCVPQCVC,2 Chill guys,57000001,North America,"['Electro Dragon', 'Goblin Cage', 'Elixir Golem', 'Battle Healer', 'Ice Wizard', 'Tornado', 'The Log', 'Rage']","[26000063, 27000012, 26000067, 26000068, 26000023, 28000012, 28000011, 28000002]",10000,100000
28U9YYG,ya p’yanyy,YCVPQCVC,2 Chill guys,57000001,North America,"['Skeleton Army', 'Firecracker', 'Fireball', 'Balloon', 'Lumberjack', 'The Log', 'Boss Bandit', 'Ice Wizard']","[26000012, 26000064, 28000000, 26000006, 26000035, 28000011, 26000103, 26000023]",10000,100000
R9L8GC8YV,chubbs,YCVPQCVC,2 Chill guys,57000001,North America,"['Firecracker', 'Cannon', 'Earthquake', 'Skeletons', 'Ice Spirit', 'The Log', 'Hog Rider', 'Mighty Miner']","[26000064, 27000000, 28000014, 26000010, 26000030, 28000011, 26000021, 26000065]",10000,100000
V9YCGQVY2,floofer,YCVPQCVC,2 Chill guys,57000001,North America,"['Mega Knight', 'Firecracker', 'Wall Breakers', 'Bats', 'Battle Ram', 'Valkyrie', 'Mini P.E.K.K.A', 'Arrows']","[26000055, 26000064, 26000058, 26000049, 26000036, 26000011, 26000018, 28000001]",10000,100000
902VLYUP,いちごオレ,YCVPQCVC,2 Chill guys,57000001,North America,"['Lumberjack', 'Electro Dragon', 'Golem', 'Battle Healer', 'Zappies', 'Tornado', 'Barbarian Barrel', 'Elixir Collector']","[26000035, 26000063, 26000009, 26000068, 26000052, 28000012, 28000015, 27000007]",10000,100000
98CGQ9L8V,Indiana Jones,YCVPQCVC,2 Chill guys,57000001,North America,"['Bomber', 'Giant Snowball', 'Goblin Drill', 'Royal Delivery', 'Cannon', 'Archer Queen', 'Skeletons', 'The Log']","[26000013, 28000017, 27000013, 28000018, 27000000, 26000072, 26000010, 28000011]",10000,100000
Q08RLV02P,dabomb,YCVPQCVC,2 Chill guys,57000001,North America,"['Witch', 'Giant Snowball', 'Graveyard', 'Giant', 'Bowler', 'Minions', 'Guards', 'Arrows']","[26000007, 28000017, 28000010, 26000003, 26000034, 26000005, 26000025, 28000001]",10000,100000
9GJC0G0L,epicness,YCVPQCVC,2 Chill guys,57000001,North America,"['Goblin Giant', 'Knight', 'Sparky', 'Minions', 'Zap', 'Mini P.E.K.K.A', 'Little Prince', 'Rage']","[26000060, 26000000, 26000033, 26000005, 28000008, 26000018, 26000093, 28000002]",10000,100000
Q0YGU89Y8,JoelㅤㅤㅤARN,YCVPQCVC,2 Chill guys,57000001,North America,"['Skeleton Army', 'Skeleton King', 'Mini P.E.K.K.A', 'Elite Barbarians', 'Mega Knight', 'Barbarians', 'P.E.K.K.A', 'Mirror']","[26000012, 26000069, 26000018, 26000043, 26000055, 26000008, 26000004, 28000006]",10000,100000
UQG09PQ2C,X4RTURO98XD,GJ2YLCVL,GTA5 ONLINE,57000002,South America,"['Mega Knight', 'Witch', 'The Log', 'Firecracker', 'Dart Goblin', 'Skeleton Barrel', 'Cannon', 'Poison']","[26000055, 26000007, 28000011, 26000064, 26000040, 26000056, 27000000, 28000009]",10000,100000
2QU0LRUCV,Ｅｘａｅｌ ᄎ...,GJ2YLCVL,GTA5 ONLINE,57000002,South America,"['Valkyrie', 'Executioner', 'Arrows', 'The Log', 'Hog Rider', 'Vines', 'Ice Spirit', 'Inferno Tower']","[26000011, 26000045, 28000001, 28000011, 26000021, 28000026, 26000030, 27000003]",10000,100000
9U88GJ2GU,1Wer,GJ2YLCVL,GTA5 ONLINE,57000002,South America,"['Mega Knight', 'Firecracker', 'Cannon', 'Miner', 'Lightning', 'Zap', 'Goblin Gang', 'Skeleton Barrel']","[26000055, 26000064, 27000000, 26000032, 28000007, 28000008, 26000041, 26000056]",10000,100000
9L0YUQ9C8,❤️NINETH X ALE❤,GJ2YLCVL,GTA5 ONLINE,57000002,South America,"['Royal Recruits', 'Mega Knight', 'Firecracker', 'Wizard', 'Rocket', 'Mini P.E.K.K.A', 'Tesla', 'Mirror']","[26000047, 26000055, 26000064, 26000017, 28000003, 26000018, 27000006, 28000006]",10000,100000
CY8PVQLP2,black wolf,GJ2YLCVL,GTA5 ONLINE,57000002,South America,"['Ice Spirit', 'Mega Knight', 'Firecracker', 'The Log', 'Bandit', 'Mini P.E.K.K.A', 'Magic Archer', 'Hog Rider']","[26000030, 26000055, 26000064, 28000011, 26000046, 26000018, 26000062, 26000021]",10000,100000
QCY929PLU,CARLOS.Z,GJ2YLCVL,GTA5 ONLINE,57000002,South America,"['Mega Knight', 'Firecracker', 'Dart Goblin', 'Skeleton Barrel', 'Fireball', 'Skeletons', 'Bats', 'P.E.K.K.A']","[26000055, 26000064, 26000040, 26000056, 28000000, 26000010, 26000049, 26000004]",10000,100000
YVVPQ8CJY,ᴀɱιʀ┋✯ᴰ,GJ2YLCVL,GTA5 ONLINE,57000002,South America,"['Musketeer', 'Skeletons', 'Hog Rider', 'Ice Spirit', 'Cannon', 'Giant Skeleton', 'The Log', 'Fireball']","[26000014, 26000010, 26000021, 26000030, 27000000, 26000020, 28000011, 28000000]",10000,100000
QYRUYC9Y0,alfreditobonito,GJ2YLCVL,GTA5 ONLINE,57000002,South America,"['Knight', 'Executioner', 'Tornado', 'Skeletons', 'Electro Dragon', 'Hog Rider', 'The Log', 'Fireball']","[26000000, 26000045, 28000012, 26000010, 26000063, 26000021, 28000011, 28000000]",10000,100000
2JYCYR0G2,Mr.Osobuco,GJ2YLCVL,GTA5 ONLINE,57000002,South America,"['Lumberjack', 'Witch', 'Mini P.E.K.K.A', 'Minions', 'Electro Wizard', 'Hog Rider', 'Tombstone', 'Arrows']","[26000035, 26000007, 26000018, 26000005, 26000042, 26000021, 27000009, 28000001]",10000,100000
PRYPR2Q8G,anhedonia•Zzz,GJ2YLCVL,GTA5 ONLINE,57000002,South America,"['Executioner', 'Mega Knight', 'Zap', 'Electro Wizard', 'Bandit', 'Tornado', 'P.E.K.K.A', 'Goblin Gang']","[26000045, 26000055, 28000008, 26000042, 26000046, 28000012, 26000004, 26000041]",10000,100000
8P9UPPV9,LucasGemadolini,GJLLGRLP,TROPA DO ZANO,57000002,South America,"['Cannon', 'Royal Hogs', 'Fireball', 'Ice Spirit', 'Skeletons', 'Musketeer', 'Ice Golem', 'The Log']","[27000000, 26000059, 28000000, 26000030, 26000010, 26000014, 26000038, 28000011]",10000,100000
Y9UYQJVV2,molina,GJLLGRLP,TROPA DO ZANO,57000002,South America,"['Firecracker', 'Bats', 'Mega Knight', 'Zap', 'The Log', 'Goblin Barrel', 'Electro Wizard', 'Lumberjack']","[26000064, 26000049, 26000055, 28000008, 28000011, 28000004, 26000042, 26000035]",10000,100000
V2P82020J,steinmann,GJLLGRLP,TROPA DO ZANO,57000002,South America,"['Valkyrie', 'Goblin Barrel', 'Princess', 'Wall Breakers', 'Goblin Gang', 'Dart Goblin', 'Ice Spirit', 'Cannon']","[26000011, 28000004, 26000026, 26000058, 26000041, 26000040, 26000030, 27000000]",10000,100000
9L892PLJ2,freitazzx,GJLLGRLP,TROPA DO ZANO,57000002,South America,"['Valkyrie', 'P.E.K.K.A', 'Ice Spirit', 'Rocket', 'Musketeer', 'Arrows', 'Dart Goblin', 'Tesla']","[26000011, 26000004, 26000030, 28000003, 26000014, 28000001, 26000040, 27000006]",10000,100000
209LP8LVQ,luizinho,GJLLGRLP,TROPA DO ZANO,57000002,South America,"['Valkyrie', 'Executioner', 'Ice Spirit', 'Rocket', 'Hog Rider', 'Goblins', 'The Log', 'Tornado']","[26000011, 26000045, 26000030, 28000003, 26000021, 26000002, 28000011, 28000012]",10000,100000
YYGGUJCP,#GUSTAVO#,GJLLGRLP,TROPA DO ZANO,57000002,South America,"['Skeletons', 'Cannon', 'Ice Golem', 'Fireball', 'Musketeer', 'Ice Spirit', 'The Log', 'Royal Hogs']","[26000010, 27000000, 26000038, 28000000, 26000014, 26000030, 28000011, 26000059]",10000,100000
2GVG0RVGJ,••Lil_Cau••,GJLLGRLP,TROPA DO ZANO,57000002,South America,"['Firecracker', 'Mega Knight', 'Barbarian Barrel', 'Electro Wizard', 'Skeleton Barrel', 'Bats', 'Wall Breakers', 'Ice Spirit']","[26000064, 26000055, 28000015, 26000042, 26000056, 26000049, 26000058, 26000030]",10000,100000
2Y8U2LU2R,farleycr7,GJLLGRLP,TROPA DO ZANO,57000002,South America,"['Mega Knight', 'Witch', 'Inferno Dragon', 'Valkyrie', 'Hog Rider', 'Skeleton Army', 'Arrows', 'Tesla']","[26000055, 26000007, 26000037, 26000011, 26000021, 26000012, 28000001, 27000006]",10000,100000
CLJJRLU8,SUPERCTRON,GJLLGRLP,TROPA DO ZANO,57000002,South America,"['Tesla', 'Goblin Barrel', 'Dart Goblin', 'Princess', 'Prince', 'Goblin Gang', 'Mother Witch', 'The Log']","[27000006, 28000004, 26000040, 26000026, 26000016, 26000041, 26000083, 28000011]",10000,100000
CG28JGQ2,Rydnar quedaocu,GJLLGRLP,TROPA DO ZANO,57000002,South America,"['Tesla', 'Knight', 'X-Bow', 'Ice Spirit', 'Fireball', 'Ice Wizard', 'The Log', 'Skeletons']","[27000006, 26000000, 27000008, 26000030, 28000000, 26000023, 28000011, 26000010]",10000,100000
RPUCUPLYC,STMN Rocki,GVQUQCJG,LMA ESPORTS,57000002,South America,"['Giant Snowball', 'Cannon', 'Royal Delivery', 'Ice Spirit', 'Skeletons', 'Goblin Drill', 'Archer Queen', 'The Log']","[28000017, 27000000, 28000018, 26000030, 26000010, 27000013, 26000072, 28000011]",10000,100000
2RV2VPQJ,PogChamp,GVQUQCJG,LMA ESPORTS,57000002,South America,"['Knight', 'Barbarians', 'Elixir Collector', 'Royal Ghost', 'Three Musketeers', 'Heal Spirit', 'Barbarian Barrel', 'Bandit']","[26000000, 26000008, 27000007, 26000050, 26000028, 28000016, 28000015, 26000046]",10000,100000
8UJQC8GPG,OoOsmaN777,GVQUQCJG,LMA ESPORTS,57000002,South America,"['Firecracker', 'Cannon', 'Golem', 'Night Witch', 'Tombstone', 'Poison', 'Fisherman', 'Vines']","[26000064, 27000000, 26000009, 26000048, 27000009, 28000009, 26000061, 28000026]",10000,100000
UQGL08L,bigvuty,GVQUQCJG,LMA ESPORTS,57000002,South America,"['Zap', 'Valkyrie', 'Lava Hound', 'Balloon', 'Fireball', 'Mega Minion', 'Skeleton Dragons', 'Tombstone']","[28000008, 26000011, 26000029, 26000006, 28000000, 26000039, 26000080, 27000009]",10000,100000
PVQ08QGCP,<c4>Adanillo333,GVQUQCJG,LMA ESPORTS,57000002,South America,"['Skeleton Barrel', 'Witch', 'Spirit Empress', 'Clone', 'Arrows', 'Skeleton Army', 'Bats', 'Giant Skeleton']","[26000056, 26000007, 28000025, 28000013, 28000001, 26000012, 26000049, 26000020]",10000,100000
VQ0URPQQ9,~♤Everth♧~,GVQUQCJG,LMA ESPORTS,57000002,South America,"['Royal Hogs', 'Skeletons', 'Cannon', 'The Log', 'Earthquake', 'Ice Spirit', 'Royal Delivery', 'Archer Queen']","[26000059, 26000010, 27000000, 28000011, 28000014, 26000030, 28000018, 26000072]",10000,100000
CURPVC82R,Axl Rose,GVQUQCJG,LMA ESPORTS,57000002,South America,"['Royal Hogs', 'Royal Ghost', 'Electro Wizard', 'Magic Archer', 'Goblin Hut', 'Barbarian Barrel', 'Fireball', 'Giant Skeleton']","[26000059, 26000050, 26000042, 26000062, 27000001, 28000015, 28000000, 26000020]",10000,100000
L8RQ2VJVC,Dr. Alekey,GVQUQCJG,LMA ESPORTS,57000002,South America,"['Skeleton Barrel', 'Dart Goblin', 'Skeleton King', 'Spirit Empress', 'Goblin Gang', 'The Log', 'Suspicious Bush', 'Ice Spirit']","[26000056, 26000040, 26000069, 28000025, 26000041, 28000011, 26000097, 26000030]",10000,100000
G2UG8VRLL,❤️Yandere❤️,GVQUQCJG,LMA ESPORTS,57000002,South America,"['Witch', 'P.E.K.K.A', 'Fisherman', 'Fireball', 'Musketeer', 'Arrows', 'Bomber', 'Suspicious Bush']","[26000007, 26000004, 26000061, 28000000, 26000014, 28000001, 26000013, 26000097]",10000,100000
29CR0VGC0,Ricky,GVQUQCJG,LMA ESPORTS,57000002,South America,"['Firecracker', 'Lumberjack', 'Goblin Gang', 'Balloon', 'Ice Spirit', 'Fireball', 'The Log', 'Tesla']","[26000064, 26000035, 26000041, 26000006, 26000030, 28000000, 28000011, 27000006]",10000,100000
R0Q8U989G,VINIZIM ™,G8JCYGLR,Fish,57000002,South America,"['Valkyrie', 'Witch', 'Hog Rider', 'The Log', 'Cannon', 'Vines', 'Royal Ghost', 'Electro Wizard']","[26000011, 26000007, 26000021, 28000011, 27000000, 28000026, 26000050, 26000042]",10000,100000
QVY9YYYG,VictorKun13,G8JCYGLR,Fish,57000002,South America,"['Electro Dragon', 'Mortar', 'Ice Golem', 'Tornado', 'Ice Wizard', 'Barbarian Barrel', 'Guards', 'Golem']","[26000063, 27000002, 26000038, 28000012, 26000023, 28000015, 26000025, 26000009]",10000,100000
20808CVVGP,jordylandia,G8JCYGLR,Fish,57000002,South America,"['Knight', 'Wizard', 'Goblin Gang', 'Mega Knight', 'Lumberjack', 'Bats', 'Arrows', 'Wall Breakers']","[26000000, 26000017, 26000041, 26000055, 26000035, 26000049, 28000001, 26000058]",10000,100000
9RG8VQR0R,《andrews》,G8JCYGLR,Fish,57000002,South America,"['Bowler', 'Giant', 'Mega Minion', 'Lightning', 'Tombstone', 'The Log', 'Arrows', 'Electro Wizard']","[26000034, 26000003, 26000039, 28000007, 27000009, 28000011, 28000001, 26000042]",10000,100000
V90LJ2088,Tizoo,G8JCYGLR,Fish,57000002,South America,"['Firecracker', 'Valkyrie', 'The Log', 'Minions', 'Tombstone', 'Fireball', 'Witch', 'Golden Knight']","[26000064, 26000011, 28000011, 26000005, 27000009, 28000000, 26000007, 26000074]",10000,100000
2YUVUQPGR,MatheusPear,G8JCYGLR,Fish,57000002,South America,"['Inferno Dragon', 'Musketeer', 'Miner', 'Minion Horde', 'Poison', 'Giant', 'Zap', 'Night Witch']","[26000037, 26000014, 26000032, 26000022, 28000009, 26000003, 28000008, 26000048]",10000,100000
LVLLVL9QC,CostaMike,G8JCYGLR,Fish,57000002,South America,"['Witch', 'Mega Knight', 'Goblin Barrel', 'The Log', 'Hog Rider', 'Electro Wizard', 'Valkyrie', 'Skeleton Army']","[26000007, 26000055, 28000004, 28000011, 26000021, 26000042, 26000011, 26000012]",10000,100000
9LQR9CVQU,《¿~M4RX~?》,G8JCYGLR,Fish,57000002,South America,"['Mega Knight', 'Valkyrie', 'Bats', 'Cannon', 'Skeletons', 'Balloon', 'Executioner', 'Arrows']","[26000055, 26000011, 26000049, 27000000, 26000010, 26000006, 26000045, 28000001]",10000,100000
2LLLJ2JY0,Vouaobanheiro,G8JCYGLR,Fish,57000002,South America,"['Royal Giant', 'Witch', 'Monk', 'Fisherman', 'The Log', 'Skeletons', 'Electro Spirit', 'Fireball']","[26000024, 26000007, 26000077, 26000061, 28000011, 26000010, 26000084, 28000000]",10000,100000
RR0UCRJLG,Ratoso,G8JCYGLR,Fish,57000002,South America,"['Knight', 'Ice Spirit', 'Princess', 'Goblin Gang', 'Goblin Barrel', 'Fireball', 'Inferno Tower', 'The Log']","[26000000, 26000030, 26000026, 26000041, 28000004, 28000000, 27000003, 28000011]",10000,100000
GJURU00P,TTV❤David CR ✨,QLVPP80R,SCR eSports,57000002,South America,"['Mega Knight', 'Bats', 'Miner', 'Wall Breakers', 'Prince', 'Arrows', 'Archer Queen', 'Giant Snowball']","[26000055, 26000049, 26000032, 26000058, 26000016, 28000001, 26000072, 28000017]",10000,99991
88YCR00P,WILL DIOS,QLVPP80R,SCR eSports,57000002,South America,"['Royal Hogs', 'Royal Ghost', 'Three Musketeers', 'Fireball', 'Heal Spirit', 'Skeletons', 'Barbarian Barrel', 'Hunter']","[26000059, 26000050, 26000028, 28000000, 28000016, 26000010, 28000015, 26000044]",10000,99991
80QJL0JJL,Interminables,QLVPP80R,SCR eSports,57000002,South America,"['Musketeer', 'Skeletons', 'Cannon', 'The Log', 'Fireball', 'Ice Golem', 'Ice Spirit', 'Hog Rider']","[26000014, 26000010, 27000000, 28000011, 28000000, 26000038, 26000030, 26000021]",10000,99991
L2CR0L0V,Niko,QLVPP80R,SCR eSports,57000002,South America,"['Tesla', 'Archers', 'Fireball', 'Electro Spirit', 'Knight', 'X-Bow', 'Skeletons', 'The Log']","[27000006, 26000001, 28000000, 26000084, 26000000, 27000008, 26000010, 28000011]",10000,99991
8QRJYVR02,◢ ◤☬AVICII☬◢ ◤,QLVPP80R,SCR eSports,57000002,South America,"['Knight', 'Bats', 'Miner', 'Tornado', 'Magic Archer', 'Wall Breakers', 'The Log', 'Bomb Tower']","[26000000, 26000049, 26000032, 28000012, 26000062, 26000058, 28000011, 27000004]",10000,99991
PP9V0R0C0,Eduuuu,QLVPP80R,SCR eSports,57000002,South America,"['Skeletons', 'Knight', 'Poison', 'Fire Spirit', 'Cannon', 'Goblin Drill', 'Giant Snowball', 'Archer Queen']","[26000010, 26000000, 28000009, 26000031, 27000000, 27000013, 28000017, 26000072]",10000,99991
P89J02GV9,EcㅣKendo ⚡️,QLVPP80R,SCR eSports,57000002,South America,"['The Log', 'Fireball', 'Electro Spirit', 'Ice Spirit', 'Heal Spirit', 'Rage', 'Fire Spirit', 'Skeletons']","[28000011, 28000000, 26000084, 26000030, 28000016, 28000002, 26000031, 26000010]",10000,99991
JVRPGP990,R.I.P._.JUSTIN,QLVPP80R,SCR eSports,57000002,South America,"['Dart Goblin', 'Ice Spirit', 'Cannon', 'Electro Spirit', 'Goblin Gang', 'Knight', 'Goblin Barrel', 'The Log']","[26000040, 26000030, 27000000, 26000084, 26000041, 26000000, 28000004, 28000011]",10000,99991
V20QPJYY0,SCR ✨ ISAI,QLVPP80R,SCR eSports,57000002,South America,"['Executioner', 'Giant Snowball', 'Berserker', 'Guards', 'Vines', 'Barbarian Barrel', 'Boss Bandit', 'Ram Rider']","[26000045, 28000017, 26000102, 26000025, 28000026, 28000015, 26000103, 26000051]",10000,99991
JQG0G9LU,Eļįãņ...,QLVPP80R,SCR eSports,57000002,South America,"['Tesla', 'Valkyrie', 'Guards', 'Electro Spirit', 'Hog Rider', 'The Log', 'Earthquake', 'Electro Wizard']","[27000006, 26000011, 26000025, 26000084, 26000021, 28000011, 28000014, 26000042]",10000,99991
